soundname, nsyll, npause, dur (s), phonationtime (s), speechrate (nsyll/dur), articulation rate (nsyll / phonationtime), ASD (speakingtime/nsyll)
F_0101_10y4m_1_id144,8,2,4,2.78,2,2.87,0.348
F_0101_10y4m_1_id145,8,1,4,2.88,2,2.78,0.36
F_0101_10y4m_1_id146,11,0,4,4,2.75,2.75,0.364
F_0101_10y4m_1_id147,10,0,4,3.42,2.5,2.92,0.342
F_0101_10y4m_1_id148,4,0,4,4,1,1,1
F_0101_10y4m_1_id149,7,0,4,4,1.75,1.75,0.571
F_0101_10y4m_1_id150,15,0,4,4,3.75,3.75,0.267
F_0101_10y4m_1_id151,5,0,4,1.89,1.25,2.65,0.378
F_0101_10y4m_1_id152,4,2,4,2.54,1,1.57,0.636
F_0101_10y4m_1_id153,11,1,4,2.5,2.75,4.41,0.227
F_0101_10y4m_1_id154,14,0,4,4,3.5,3.5,0.286
F_0101_10y4m_1_id155,8,0,4,4,2,2,0.5
F_0101_10y4m_1_id156,8,1,4,3.02,2,2.65,0.378
F_0101_10y4m_1_id157,4,0,4,4,1,1,1
F_0101_10y4m_1_id158,19,0,4,4,4.75,4.75,0.211
F_0101_10y4m_1_id159,14,0,4,4,3.5,3.5,0.286
F_0101_10y4m_1_id160,8,0,4,4,2,2,0.5
F_0101_10y4m_1_id161,15,0,4,4,3.75,3.75,0.267
F_0101_10y4m_1_id162,11,0,4,4,2.75,2.75,0.364
F_0101_10y4m_1_id163,15,0,4,4,3.75,3.75,0.267
F_0101_10y4m_1_id164,13,0,4,4,3.25,3.25,0.308
F_0101_10y4m_1_id165,13,0,4,4,3.25,3.25,0.308
F_0101_10y4m_1_id166,8,0,4,4,2,2,0.5
F_0101_10y4m_1_id167,11,0,4,4,2.75,2.75,0.364
F_0101_10y4m_1_id168,19,0,4,4,4.75,4.75,0.211
F_0101_10y4m_1_id169,8,0,4,4,2,2,0.5
F_0101_10y4m_1_id170,15,0,4,4,3.75,3.75,0.267
F_0101_10y4m_1_id171,9,1,4,3.54,2.25,2.55,0.393
F_0101_10y4m_1_id172,8,1,4,3.25,2,2.46,0.406
F_0101_10y4m_1_id173,10,1,4,3.12,2.5,3.21,0.312
F_0101_10y4m_1_id174,11,0,4,4,2.75,2.75,0.364
F_0101_10y4m_1_id175,9,1,4,2.74,2.25,3.29,0.304
F_0101_10y4m_1_id176,15,0,4,4,3.75,3.75,0.267
F_0101_10y4m_1_id177,12,1,4,3.66,3,3.28,0.305
F_0101_10y4m_1_id178,13,0,4,4,3.25,3.25,0.308
F_0101_10y4m_1_id179,8,0,4,2.37,2,3.38,0.296
F_0101_10y4m_1_id180,21,0,4,4,5.25,5.25,0.19
F_0101_13y1m_1_id113,4,1,4,1.22,1,3.29,0.304
F_0101_13y1m_1_id114,14,0,4,4,3.5,3.5,0.286
F_0101_13y1m_1_id115,13,0,4,4,3.25,3.25,0.308
F_0101_13y1m_1_id116,8,0,4,4,2,2,0.5
F_0101_13y1m_1_id117,14,0,4,4,3.5,3.5,0.286
F_0101_13y1m_1_id118,7,0,4,4,1.75,1.75,0.571
F_0101_13y1m_1_id119,8,0,4,4,2,2,0.5
F_0101_13y1m_1_id120,13,0,4,4,3.25,3.25,0.308
F_0101_13y1m_1_id121,14,0,4,4,3.5,3.5,0.286
F_0101_13y1m_1_id122,10,0,4,4,2.5,2.5,0.4
F_0101_13y1m_1_id123,9,0,4,4,2.25,2.25,0.444
F_0101_13y1m_1_id124,9,0,4,4,2.25,2.25,0.444
F_0101_13y1m_1_id125,11,0,4,4,2.75,2.75,0.364
F_0101_13y1m_1_id126,11,0,4,4,2.75,2.75,0.364
F_0101_13y1m_1_id127,14,0,4,4,3.5,3.5,0.286
F_0101_13y1m_1_id128,8,1,4,2.18,2,3.68,0.272
F_0101_13y1m_1_id129,19,0,4,4,4.75,4.75,0.211
F_0101_13y1m_1_id130,9,0,4,3.49,2.25,2.58,0.388
F_0101_13y1m_1_id131,14,0,4,4,3.5,3.5,0.286
F_0101_13y1m_1_id132,14,0,4,4,3.5,3.5,0.286
F_0101_13y1m_1_id133,12,0,4,4,3,3,0.333
F_0101_13y1m_1_id134,7,1,4,3.23,1.75,2.17,0.462
F_0101_13y1m_1_id135,16,0,4,4,4,4,0.25
F_0101_13y1m_1_id136,11,0,4,4,2.75,2.75,0.364
F_0101_13y1m_1_id137,15,0,4,4,3.75,3.75,0.267
F_0101_13y1m_1_id138,10,0,4,4,2.5,2.5,0.4
F_0101_13y1m_1_id139,10,0,4,4,2.5,2.5,0.4
F_0101_13y1m_1_id140,13,0,4,4,3.25,3.25,0.308
F_0101_13y1m_1_id141,10,0,4,4,2.5,2.5,0.4
F_0101_13y1m_1_id142,13,0,4,4,3.25,3.25,0.308
F_0101_13y1m_1_id143,14,0,4,4,3.5,3.5,0.286
M_0028_15y11m_1_id841,12,1,4,3.34,3,3.59,0.279
M_0028_15y11m_1_id842,10,1,4,3.33,2.5,3,0.333
M_0028_15y11m_1_id843,8,3,4,2.77,2,2.89,0.346
M_0028_15y11m_1_id844,14,1,4,3.22,3.5,4.35,0.23
M_0028_15y11m_1_id845,9,2,4,2.24,2.25,4.02,0.249
M_0028_15y11m_1_id846,3,2,4,1.12,0.75,2.68,0.373
M_0028_15y11m_1_id847,14,2,4,3.01,3.5,4.65,0.215
M_0028_15y11m_1_id848,8,1,4,2.48,2,3.23,0.31
M_0028_15y11m_1_id849,5,2,4,2.35,1.25,2.13,0.47
M_0028_15y11m_1_id850,11,1,4,3.31,2.75,3.32,0.301
M_0028_15y11m_1_id851,11,2,4,3.15,2.75,3.49,0.287
M_0028_15y11m_1_id852,2,0,4,4,0.5,0.5,2
M_0028_15y11m_1_id853,13,0,4,3.62,3.25,3.6,0.278
M_0028_15y11m_1_id854,7,0,4,2.72,1.75,2.57,0.389
M_0028_15y11m_1_id855,9,1,4,2.94,2.25,3.06,0.327
M_0028_15y11m_1_id856,8,1,4,2.27,2,3.52,0.284
M_0028_15y11m_1_id857,7,1,4,2.1,1.75,3.34,0.299
M_0028_15y11m_1_id858,12,1,4,2.62,3,4.57,0.219
M_0028_15y11m_1_id859,9,0,4,3.26,2.25,2.76,0.363
M_0028_15y11m_1_id860,7,1,4,2.27,1.75,3.08,0.325
M_0028_15y11m_1_id861,11,2,4,2.85,2.75,3.86,0.259
M_0028_15y11m_1_id862,8,1,4,2.16,2,3.7,0.27
M_0028_15y11m_1_id863,8,2,4,2.62,2,3.05,0.328
M_0028_15y11m_1_id864,9,0,4,2.75,2.25,3.27,0.306
M_0028_15y11m_1_id865,5,1,4,1.95,1.25,2.56,0.39
M_0028_15y11m_1_id866,7,2,4,1.76,1.75,3.98,0.251
M_0028_15y11m_1_id867,14,1,4,3.12,3.5,4.49,0.223
M_0028_15y11m_1_id868,7,1,4,3.07,1.75,2.28,0.439
M_0028_15y11m_1_id869,7,1,4,2.18,1.75,3.22,0.311
M_0028_15y11m_1_id870,11,1,4,3.01,2.75,3.66,0.273
M_0028_15y11m_1_id871,13,1,4,3.49,3.25,3.73,0.268
M_0028_15y11m_1_id872,8,1,4,2.45,2,3.27,0.306
M_0030_12y1m_1_id275,21,0,4,4,5.25,5.25,0.19
M_0030_12y1m_1_id276,12,0,4,4,3,3,0.333
M_0030_12y1m_1_id277,18,0,4,4,4.5,4.5,0.222
M_0030_12y1m_1_id278,19,0,4,4,4.75,4.75,0.211
M_0030_12y1m_1_id279,16,0,4,4,4,4,0.25
M_0030_12y1m_1_id280,22,0,4,4,5.5,5.5,0.182
M_0030_12y1m_1_id281,18,0,4,4,4.5,4.5,0.222
M_0030_12y1m_1_id282,19,0,4,4,4.75,4.75,0.211
M_0030_12y1m_1_id283,18,0,4,4,4.5,4.5,0.222
M_0030_12y1m_1_id284,19,0,4,4,4.75,4.75,0.211
M_0030_12y1m_1_id285,18,0,4,4,4.5,4.5,0.222
M_0030_12y1m_1_id286,21,0,4,4,5.25,5.25,0.19
M_0030_12y1m_1_id287,14,0,4,4,3.5,3.5,0.286
M_0030_12y1m_1_id288,16,0,4,4,4,4,0.25
M_0030_12y1m_1_id289,18,0,4,4,4.5,4.5,0.222
M_0030_12y1m_1_id290,19,0,4,4,4.75,4.75,0.211
M_0030_12y1m_1_id291,13,0,4,4,3.25,3.25,0.308
M_0030_12y1m_1_id292,17,0,4,4,4.25,4.25,0.235
M_0030_12y1m_1_id293,16,0,4,4,4,4,0.25
M_0030_12y1m_1_id294,17,0,4,4,4.25,4.25,0.235
M_0030_12y1m_1_id295,20,0,4,4,5,5,0.2
M_0030_12y1m_1_id296,15,0,4,4,3.75,3.75,0.267
M_0030_12y1m_1_id297,16,0,4,4,4,4,0.25
M_0030_12y1m_1_id298,18,0,4,4,4.5,4.5,0.222
M_0030_12y1m_1_id299,17,0,4,4,4.25,4.25,0.235
M_0030_12y1m_1_id300,15,0,4,4,3.75,3.75,0.267
M_0030_12y1m_1_id301,15,0,4,4,3.75,3.75,0.267
M_0030_12y1m_1_id302,15,0,4,4,3.75,3.75,0.267
M_0030_12y1m_1_id303,16,0,4,4,4,4,0.25
M_0030_12y1m_1_id304,14,0,4,4,3.5,3.5,0.286
M_0030_12y1m_1_id305,20,0,4,4,5,5,0.2
M_0030_12y1m_1_id306,16,0,4,4,4,4,0.25
M_0030_12y1m_1_id307,18,0,4,4,4.5,4.5,0.222
M_0030_12y1m_1_id308,13,0,4,4,3.25,3.25,0.308
M_0030_12y1m_1_id309,13,0,4,4,3.25,3.25,0.308
M_0030_12y1m_1_id310,17,0,4,4,4.25,4.25,0.235
M_0030_12y1m_1_id311,20,0,4,4,5,5,0.2
M_0030_12y1m_1_id312,19,0,4,4,4.75,4.75,0.211
M_0030_17y9m_1_id716,17,0,4,4,4.25,4.25,0.235
M_0030_17y9m_1_id717,10,1,4,3.66,2.5,2.73,0.366
M_0030_17y9m_1_id718,12,1,4,3.15,3,3.81,0.263
M_0030_17y9m_1_id719,10,0,4,4,2.5,2.5,0.4
M_0030_17y9m_1_id720,12,0,4,4,3,3,0.333
M_0030_17y9m_1_id721,16,0,4,4,4,4,0.25
M_0030_17y9m_1_id722,11,0,4,4,2.75,2.75,0.364
M_0030_17y9m_1_id723,14,0,4,4,3.5,3.5,0.286
M_0030_17y9m_1_id724,16,0,4,4,4,4,0.25
M_0030_17y9m_1_id725,16,0,4,4,4,4,0.25
M_0030_17y9m_1_id726,11,1,4,2.99,2.75,3.68,0.272
M_0030_17y9m_1_id727,15,0,4,4,3.75,3.75,0.267
M_0030_17y9m_1_id728,9,1,4,2.88,2.25,3.13,0.32
M_0030_17y9m_1_id729,15,0,4,4,3.75,3.75,0.267
M_0030_17y9m_1_id730,15,0,4,4,3.75,3.75,0.267
M_0030_17y9m_1_id731,10,0,4,4,2.5,2.5,0.4
M_0030_17y9m_1_id732,13,0,4,4,3.25,3.25,0.308
M_0030_17y9m_1_id733,12,0,4,4,3,3,0.333
M_0030_17y9m_1_id734,15,0,4,4,3.75,3.75,0.267
M_0030_17y9m_1_id735,13,0,4,4,3.25,3.25,0.308
M_0030_17y9m_1_id736,16,0,4,4,4,4,0.25
M_0030_17y9m_1_id737,17,0,4,4,4.25,4.25,0.235
M_0030_17y9m_1_id738,13,0,4,4,3.25,3.25,0.308
M_0030_17y9m_1_id739,14,1,4,3.54,3.5,3.96,0.253
M_0030_17y9m_1_id740,17,0,4,4,4.25,4.25,0.235
M_0030_17y9m_1_id741,15,0,4,4,3.75,3.75,0.267
M_0030_17y9m_1_id742,16,0,4,4,4,4,0.25
M_0030_17y9m_1_id743,12,0,4,4,3,3,0.333
M_0030_17y9m_1_id744,12,1,4,2.94,3,4.08,0.245
M_0030_17y9m_1_id745,12,0,4,4,3,3,0.333
M_0030_17y9m_1_id746,16,0,4,4,4,4,0.25
M_0052_16y4m_1_id245,19,0,4,4,4.75,4.75,0.211
M_0052_16y4m_1_id246,13,0,4,4,3.25,3.25,0.308
M_0052_16y4m_1_id247,12,0,4,4,3,3,0.333
M_0052_16y4m_1_id248,16,0,4,4,4,4,0.25
M_0052_16y4m_1_id249,17,0,4,4,4.25,4.25,0.235
M_0052_16y4m_1_id250,10,0,4,4,2.5,2.5,0.4
M_0052_16y4m_1_id251,17,0,4,4,4.25,4.25,0.235
M_0052_16y4m_1_id252,16,0,4,4,4,4,0.25
M_0052_16y4m_1_id253,15,0,4,4,3.75,3.75,0.267
M_0052_16y4m_1_id254,17,0,4,4,4.25,4.25,0.235
M_0052_16y4m_1_id255,12,0,4,4,3,3,0.333
M_0052_16y4m_1_id256,15,0,4,4,3.75,3.75,0.267
M_0052_16y4m_1_id257,15,0,4,4,3.75,3.75,0.267
M_0052_16y4m_1_id258,13,0,4,4,3.25,3.25,0.308
M_0052_16y4m_1_id259,16,0,4,4,4,4,0.25
M_0052_16y4m_1_id260,13,0,4,4,3.25,3.25,0.308
M_0052_16y4m_1_id261,15,0,4,4,3.75,3.75,0.267
M_0052_16y4m_1_id262,14,0,4,4,3.5,3.5,0.286
M_0052_16y4m_1_id263,10,0,4,4,2.5,2.5,0.4
M_0052_16y4m_1_id264,11,0,4,4,2.75,2.75,0.364
M_0052_16y4m_1_id265,15,0,4,4,3.75,3.75,0.267
M_0052_16y4m_1_id266,14,0,4,4,3.5,3.5,0.286
M_0052_16y4m_1_id267,11,0,4,4,2.75,2.75,0.364
M_0052_16y4m_1_id268,17,0,4,4,4.25,4.25,0.235
M_0052_16y4m_1_id269,16,0,4,4,4,4,0.25
M_0052_16y4m_1_id270,14,0,4,4,3.5,3.5,0.286
M_0052_16y4m_1_id271,13,0,4,4,3.25,3.25,0.308
M_0052_16y4m_1_id272,17,0,4,4,4.25,4.25,0.235
M_0052_16y4m_1_id273,13,0,4,4,3.25,3.25,0.308
M_0052_16y4m_1_id274,10,0,4,4,2.5,2.5,0.4
M_0061_14y8m_1_id313,1,1,4,1.33,0.25,0.75,1.328
M_0061_14y8m_1_id314,7,0,4,3.02,1.75,2.31,0.432
M_0061_14y8m_1_id315,7,1,4,3.55,1.75,1.97,0.507
M_0061_14y8m_1_id316,6,1,4,1.65,1.5,3.64,0.275
M_0061_14y8m_1_id317,8,1,4,2.05,2,3.91,0.256
M_0061_14y8m_1_id318,6,1,4,3.42,1.5,1.75,0.571
M_0061_14y8m_1_id319,2,0,4,1.09,0.5,1.84,0.544
M_0061_14y8m_1_id320,3,1,4,2.14,0.75,1.4,0.715
M_0061_14y8m_1_id321,7,1,4,2.18,1.75,3.22,0.311
M_0061_14y8m_1_id322,7,1,4,2.56,1.75,2.73,0.366
M_0061_14y8m_1_id323,5,1,4,3.44,1.25,1.45,0.688
M_0061_14y8m_1_id324,2,1,4,1.98,0.5,1.01,0.992
M_0061_14y8m_1_id325,3,1,4,3.6,0.75,0.83,1.2
M_0061_14y8m_1_id326,7,1,4,2.86,1.75,2.44,0.409
M_0061_14y8m_1_id327,6,1,4,2.64,1.5,2.27,0.44
M_0061_14y8m_1_id328,1,1,4,1.07,0.25,0.93,1.072
M_0061_14y8m_1_id329,2,1,4,0.8,0.5,2.5,0.4
M_0061_14y8m_1_id330,7,2,4,2.82,1.75,2.49,0.402
M_0061_14y8m_1_id331,9,0,4,2.9,2.25,3.11,0.322
M_0061_14y8m_1_id332,4,2,4,1.86,1,2.16,0.464
M_0061_14y8m_1_id333,3,2,4,2.7,0.75,1.11,0.901
M_0061_14y8m_1_id334,4,0,4,2.32,1,1.72,0.58
M_0061_14y8m_1_id335,7,1,4,3.25,1.75,2.16,0.464
M_0061_14y8m_1_id336,4,1,4,3.25,1,1.23,0.812
M_0061_14y8m_1_id337,1,0,4,0.29,0.25,3.47,0.288
M_0061_14y8m_1_id338,11,1,4,2.62,2.75,4.19,0.239
M_0061_14y8m_1_id339,5,1,4,2.27,1.25,2.2,0.454
M_0061_14y8m_1_id340,7,2,4,1.58,1.75,4.42,0.226
M_0061_14y8m_1_id341,7,1,4,3.57,1.75,1.96,0.51
M_0061_14y8m_1_id342,0,0,4,4,0,0, --undefined--
M_0061_14y8m_1_id343,8,2,4,3.18,2,2.51,0.398
M_0061_14y8m_1_id344,7,1,4,1.54,1.75,4.56,0.219
M_0061_14y8m_1_id345,10,0,4,2.4,2.5,4.17,0.24
M_0078_12y4m_1_id777,10,1,4,3.39,2.5,2.95,0.339
M_0078_12y4m_1_id778,8,1,4,2.86,2,2.79,0.358
M_0078_12y4m_1_id779,15,0,4,4,3.75,3.75,0.267
M_0078_12y4m_1_id780,8,2,4,2.69,2,2.98,0.336
M_0078_12y4m_1_id781,10,1,4,3.52,2.5,2.84,0.352
M_0078_12y4m_1_id782,11,1,4,3.66,2.75,3,0.333
M_0078_12y4m_1_id783,8,2,4,2.75,2,2.91,0.344
M_0078_12y4m_1_id784,13,1,4,3.25,3.25,4,0.25
M_0078_12y4m_1_id785,14,0,4,4,3.5,3.5,0.286
M_0078_12y4m_1_id786,17,0,4,4,4.25,4.25,0.235
M_0078_12y4m_1_id787,15,1,4,3.44,3.75,4.36,0.229
M_0078_12y4m_1_id788,9,2,4,2.66,2.25,3.39,0.295
M_0078_12y4m_1_id789,10,0,4,4,2.5,2.5,0.4
M_0078_12y4m_1_id790,6,2,4,2.32,1.5,2.59,0.387
M_0078_12y4m_1_id791,7,2,4,2.4,1.75,2.92,0.343
M_0078_12y4m_1_id792,11,0,4,4,2.75,2.75,0.364
M_0078_12y4m_1_id793,10,0,4,4,2.5,2.5,0.4
M_0078_12y4m_1_id794,9,1,4,3.22,2.25,2.8,0.357
M_0078_12y4m_1_id795,4,2,4,1.76,1,2.27,0.44
M_0078_12y4m_1_id796,4,1,4,1.71,1,2.34,0.428
M_0078_12y4m_1_id797,8,2,4,2.4,2,3.33,0.3
M_0078_12y4m_1_id798,11,1,4,3.41,2.75,3.23,0.31
M_0078_12y4m_1_id799,10,0,4,4,2.5,2.5,0.4
M_0078_12y4m_1_id800,10,1,4,2.82,2.5,3.55,0.282
M_0078_12y4m_1_id801,7,1,4,2.34,1.75,3,0.334
M_0078_12y4m_1_id802,9,1,4,2.7,2.25,3.33,0.3
M_0078_12y4m_1_id803,11,0,4,4,2.75,2.75,0.364
M_0078_12y4m_1_id804,9,1,4,3.47,2.25,2.59,0.386
M_0078_12y4m_1_id805,8,0,4,4,2,2,0.5
M_0078_12y4m_1_id806,6,0,4,4,1.5,1.5,0.667
M_0078_12y4m_1_id807,7,1,4,3.57,1.75,1.96,0.51
M_0078_12y4m_1_id808,9,0,4,4,2.25,2.25,0.444
M_0078_12y4m_1_id809,11,0,4,4,2.75,2.75,0.364
M_0078_12y4m_1_id810,14,0,4,4,3.5,3.5,0.286
M_0078_14y4m_1_id211,5,1,4,1.81,1.25,2.77,0.362
M_0078_14y4m_1_id212,16,0,4,4,4,4,0.25
M_0078_14y4m_1_id213,11,1,4,3.6,2.75,3.06,0.327
M_0078_14y4m_1_id214,5,1,4,1.66,1.25,3,0.333
M_0078_14y4m_1_id215,3,2,4,1.41,0.75,2.13,0.469
M_0078_14y4m_1_id216,1,2,4,0.8,0.25,1.25,0.8
M_0078_14y4m_1_id217,3,0,4,4,0.75,0.75,1.333
M_0078_14y4m_1_id218,1,0,4,0.3,0.25,3.29,0.304
M_0078_14y4m_1_id219,0,0,4,4,0,0, --undefined--
M_0078_14y4m_1_id220,8,1,4,3.65,2,2.19,0.456
M_0078_14y4m_1_id221,4,2,4,2.1,1,1.91,0.524
M_0078_14y4m_1_id222,1,0,4,0.32,0.25,3.13,0.32
M_0078_14y4m_1_id223,3,2,4,1.01,0.75,2.98,0.336
M_0078_14y4m_1_id224,6,0,4,3.2,1.5,1.88,0.533
M_0078_14y4m_1_id225,8,0,4,3.3,2,2.43,0.412
M_0078_14y4m_1_id226,6,1,4,2,1.5,3,0.333
M_0078_14y4m_1_id227,10,1,4,3.52,2.5,2.84,0.352
M_0078_14y4m_1_id228,3,1,4,0.46,0.75,6.47,0.155
M_0078_14y4m_1_id229,5,1,4,1.68,1.25,2.98,0.336
M_0078_14y4m_1_id230,5,1,4,2,1.25,2.5,0.4
M_0078_14y4m_1_id231,13,0,4,4,3.25,3.25,0.308
M_0078_14y4m_1_id232,10,1,4,3.15,2.5,3.17,0.315
M_0078_14y4m_1_id233,1,2,4,1.39,0.25,0.72,1.392
M_0078_14y4m_1_id234,12,0,4,4,3,3,0.333
M_0078_14y4m_1_id235,15,0,4,3.54,3.75,4.24,0.236
M_0078_14y4m_1_id236,0,0,4,0.7,0,0, --undefined--
M_0078_14y4m_1_id237,1,2,4,0.51,0.25,1.95,0.512
M_0078_14y4m_1_id238,7,3,4,1.92,1.75,3.65,0.274
M_0078_14y4m_1_id239,8,2,4,3.31,2,2.42,0.414
M_0078_14y4m_1_id240,16,0,4,2.83,4,5.65,0.177
M_0078_14y4m_1_id241,11,2,4,2.7,2.75,4.07,0.246
M_0078_14y4m_1_id242,1,1,4,0.4,0.25,2.5,0.4
M_0078_14y4m_1_id243,0,2,4,0.99,0,0, --undefined--
M_0078_14y4m_1_id244,4,0,4,2.37,1,1.69,0.592
M_0078_16y5m_1_id937,16,0,4,4,4,4,0.25
M_0078_16y5m_1_id938,14,0,4,4,3.5,3.5,0.286
M_0078_16y5m_1_id939,16,0,4,4,4,4,0.25
M_0078_16y5m_1_id940,10,0,4,4,2.5,2.5,0.4
M_0078_16y5m_1_id941,11,0,4,4,2.75,2.75,0.364
M_0078_16y5m_1_id942,17,0,4,4,4.25,4.25,0.235
M_0078_16y5m_1_id943,9,0,4,4,2.25,2.25,0.444
M_0078_16y5m_1_id944,12,0,4,4,3,3,0.333
M_0078_16y5m_1_id945,14,0,4,4,3.5,3.5,0.286
M_0078_16y5m_1_id946,18,0,4,4,4.5,4.5,0.222
M_0078_16y5m_1_id947,14,0,4,4,3.5,3.5,0.286
M_0078_16y5m_1_id948,13,0,4,4,3.25,3.25,0.308
M_0078_16y5m_1_id949,15,0,4,4,3.75,3.75,0.267
M_0078_16y5m_1_id950,13,0,4,4,3.25,3.25,0.308
M_0078_16y5m_1_id951,14,0,4,4,3.5,3.5,0.286
M_0078_16y5m_1_id952,13,0,4,4,3.25,3.25,0.308
M_0078_16y5m_1_id953,12,0,4,4,3,3,0.333
M_0078_16y5m_1_id954,15,0,4,4,3.75,3.75,0.267
M_0078_16y5m_1_id955,9,0,4,4,2.25,2.25,0.444
M_0078_16y5m_1_id956,15,0,4,4,3.75,3.75,0.267
M_0078_16y5m_1_id957,17,0,4,4,4.25,4.25,0.235
M_0078_16y5m_1_id958,12,0,4,4,3,3,0.333
M_0078_16y5m_1_id959,16,0,4,4,4,4,0.25
M_0078_16y5m_1_id960,17,0,4,4,4.25,4.25,0.235
M_0078_16y5m_1_id961,18,0,4,4,4.5,4.5,0.222
M_0078_16y5m_1_id962,15,0,4,4,3.75,3.75,0.267
M_0078_16y5m_1_id963,13,0,4,4,3.25,3.25,0.308
M_0078_16y5m_1_id964,13,0,4,4,3.25,3.25,0.308
M_0078_16y5m_1_id965,16,0,4,4,4,4,0.25
M_0078_16y5m_1_id966,13,0,4,4,3.25,3.25,0.308
M_0078_16y5m_1_id967,8,0,4,4,2,2,0.5
M_0078_16y5m_1_id968,17,0,4,4,4.25,4.25,0.235
M_0078_16y5m_1_id969,16,0,4,4,4,4,0.25
M_0078_16y5m_1_id970,18,0,4,4,4.5,4.5,0.222
M_0078_16y5m_1_id971,17,0,4,4,4.25,4.25,0.235
M_0078_16y5m_1_id972,14,0,4,4,3.5,3.5,0.286
M_0078_16y5m_1_id973,14,0,4,4,3.5,3.5,0.286
M_0078_16y5m_1_id974,14,0,4,4,3.5,3.5,0.286
M_0095_07y7m_1_id1000,4,2,4,1.44,1,2.78,0.36
M_0095_07y7m_1_id1001,8,2,4,2.83,2,2.82,0.354
M_0095_07y7m_1_id1002,6,2,4,1.7,1.5,3.54,0.283
M_0095_07y7m_1_id1003,6,0,4,2.27,1.5,2.64,0.379
M_0095_07y7m_1_id1004,11,3,4,2.8,2.75,3.93,0.255
M_0095_07y7m_1_id975,5,1,4,2.13,1.25,2.35,0.426
M_0095_07y7m_1_id976,7,2,4,2.77,1.75,2.53,0.395
M_0095_07y7m_1_id977,7,3,4,2.37,1.75,2.96,0.338
M_0095_07y7m_1_id978,9,1,4,3.36,2.25,2.68,0.373
M_0095_07y7m_1_id979,7,1,4,2.66,1.75,2.64,0.379
M_0095_07y7m_1_id980,9,1,4,2.56,2.25,3.52,0.284
M_0095_07y7m_1_id981,8,1,4,2.8,2,2.86,0.35
M_0095_07y7m_1_id982,6,2,4,2.32,1.5,2.59,0.387
M_0095_07y7m_1_id983,10,1,4,3.22,2.5,3.11,0.322
M_0095_07y7m_1_id984,7,1,4,2.27,1.75,3.08,0.325
M_0095_07y7m_1_id985,3,2,4,1.33,0.75,2.26,0.443
M_0095_07y7m_1_id986,6,3,4,1.84,1.5,3.26,0.307
M_0095_07y7m_1_id987,9,1,4,3.06,2.25,2.95,0.34
M_0095_07y7m_1_id988,12,1,4,3.06,3,3.93,0.255
M_0095_07y7m_1_id989,9,1,4,1.9,2.25,4.73,0.212
M_0095_07y7m_1_id990,7,3,4,2.83,1.75,2.47,0.405
M_0095_07y7m_1_id991,11,2,4,3.15,2.75,3.49,0.287
M_0095_07y7m_1_id992,13,1,4,3.23,3.25,4.02,0.249
M_0095_07y7m_1_id993,5,2,4,1.55,1.25,3.22,0.31
M_0095_07y7m_1_id994,11,2,4,2.77,2.75,3.97,0.252
M_0095_07y7m_1_id995,3,3,4,1.22,0.75,2.47,0.405
M_0095_07y7m_1_id996,5,1,4,1.63,1.25,3.06,0.326
M_0095_07y7m_1_id997,8,2,4,2.53,2,3.16,0.316
M_0095_07y7m_1_id998,10,2,4,3.02,2.5,3.31,0.302
M_0095_07y7m_1_id999,3,2,4,1.47,0.75,2.04,0.491
M_0095_08y10m_1_id406,0,0,4,0.13,0,0, --undefined--
M_0095_08y10m_1_id407,13,1,4,3.33,3.25,3.91,0.256
M_0095_08y10m_1_id408,8,2,4,2.86,2,2.79,0.358
M_0095_08y10m_1_id409,12,0,4,4,3,3,0.333
M_0095_08y10m_1_id410,11,0,4,3.62,2.75,3.04,0.329
M_0095_08y10m_1_id411,11,1,4,3.49,2.75,3.15,0.317
M_0095_08y10m_1_id412,4,3,4,2.24,1,1.79,0.56
M_0095_08y10m_1_id413,14,1,4,3.57,3.5,3.92,0.255
M_0095_08y10m_1_id414,12,1,4,3.65,3,3.29,0.304
M_0095_08y10m_1_id415,13,0,4,4,3.25,3.25,0.308
M_0095_08y10m_1_id416,8,1,4,2.46,2,3.25,0.308
M_0095_08y10m_1_id417,5,1,4,2.58,1.25,1.94,0.515
M_0095_08y10m_1_id418,6,2,4,3.33,1.5,1.8,0.555
M_0095_08y10m_1_id419,10,1,4,2.98,2.5,3.36,0.298
M_0095_08y10m_1_id420,8,2,4,3.06,2,2.62,0.382
M_0095_08y10m_1_id421,12,1,4,3.49,3,3.44,0.291
M_0095_08y10m_1_id422,9,2,4,2.96,2.25,3.04,0.329
M_0095_08y10m_1_id423,15,0,4,4,3.75,3.75,0.267
M_0095_08y10m_1_id424,13,1,4,3.57,3.25,3.64,0.274
M_0095_08y10m_1_id425,15,1,4,3.68,3.75,4.08,0.245
M_0095_08y10m_1_id426,6,1,4,3.41,1.5,1.76,0.568
M_0095_08y10m_1_id427,10,2,4,3.25,2.5,3.08,0.325
M_0095_08y10m_1_id428,12,0,4,4,3,3,0.333
M_0095_08y10m_1_id429,13,0,4,4,3.25,3.25,0.308
M_0095_08y10m_1_id430,15,1,4,3.18,3.75,4.71,0.212
M_0095_08y10m_1_id431,9,2,4,2.74,2.25,3.29,0.304
M_0095_08y10m_1_id432,12,0,4,4,3,3,0.333
M_0095_08y10m_1_id433,10,1,4,3.33,2.5,3,0.333
M_0095_08y10m_1_id434,13,0,4,4,3.25,3.25,0.308
M_0095_08y10m_1_id435,11,1,4,2.72,2.75,4.04,0.247
M_0095_08y10m_1_id436,5,2,4,2.02,1.25,2.48,0.403
M_0095_08y10m_1_id437,8,1,4,3.6,2,2.22,0.45
M_0098_07y8m_1_id0,6,1,4,1.81,1.5,3.32,0.301
M_0098_07y8m_1_id1,5,1,4,1.47,1.25,3.4,0.294
M_0098_07y8m_1_id10,5,1,4,2.35,1.25,2.13,0.47
M_0098_07y8m_1_id11,4,2,4,1.74,1,2.29,0.436
M_0098_07y8m_1_id12,5,0,4,1.79,1.25,2.79,0.358
M_0098_07y8m_1_id13,2,1,4,0.78,0.5,2.55,0.392
M_0098_07y8m_1_id14,12,0,4,3.57,3,3.36,0.297
M_0098_07y8m_1_id15,5,2,4,1.65,1.25,3.03,0.33
M_0098_07y8m_1_id16,10,1,4,3.5,2.5,2.85,0.35
M_0098_07y8m_1_id17,6,2,4,1.86,1.5,3.23,0.309
M_0098_07y8m_1_id18,2,1,4,1.12,0.5,1.79,0.56
M_0098_07y8m_1_id19,10,1,4,3.6,2.5,2.78,0.36
M_0098_07y8m_1_id2,10,1,4,2.66,2.5,3.77,0.266
M_0098_07y8m_1_id20,9,1,4,2.91,2.25,3.09,0.324
M_0098_07y8m_1_id21,3,2,4,0.9,0.75,3.35,0.299
M_0098_07y8m_1_id22,10,1,4,3.3,2.5,3.03,0.33
M_0098_07y8m_1_id23,7,2,4,2.4,1.75,2.92,0.343
M_0098_07y8m_1_id24,6,2,4,2.99,1.5,2.01,0.499
M_0098_07y8m_1_id25,6,2,4,2.03,1.5,2.95,0.339
M_0098_07y8m_1_id26,10,2,4,2.58,2.5,3.88,0.258
M_0098_07y8m_1_id27,10,1,4,3.14,2.5,3.19,0.314
M_0098_07y8m_1_id28,7,2,4,2.94,1.75,2.38,0.421
M_0098_07y8m_1_id29,7,1,4,2.66,1.75,2.64,0.379
M_0098_07y8m_1_id3,12,0,4,4,3,3,0.333
M_0098_07y8m_1_id30,3,2,4,1.39,0.75,2.16,0.464
M_0098_07y8m_1_id31,12,0,4,3.7,3,3.25,0.308
M_0098_07y8m_1_id4,13,1,4,3.57,3.25,3.64,0.274
M_0098_07y8m_1_id5,3,1,4,2.35,0.75,1.28,0.784
M_0098_07y8m_1_id6,11,1,4,3.42,2.75,3.21,0.311
M_0098_07y8m_1_id7,6,3,4,2.34,1.5,2.57,0.389
M_0098_07y8m_1_id8,8,2,4,3.12,2,2.56,0.39
M_0098_07y8m_1_id9,9,1,4,2.29,2.25,3.93,0.254
M_0098_09y8m_1_id514,8,0,4,4,2,2,0.5
M_0098_09y8m_1_id515,17,1,4,3.46,4.25,4.92,0.203
M_0098_09y8m_1_id516,12,0,4,4,3,3,0.333
M_0098_09y8m_1_id517,12,1,4,3.36,3,3.57,0.28
M_0098_09y8m_1_id518,15,0,4,4,3.75,3.75,0.267
M_0098_09y8m_1_id519,19,0,4,4,4.75,4.75,0.211
M_0098_09y8m_1_id520,18,0,4,4,4.5,4.5,0.222
M_0098_09y8m_1_id521,22,0,4,4,5.5,5.5,0.182
M_0098_09y8m_1_id522,13,1,4,3.65,3.25,3.56,0.281
M_0098_09y8m_1_id523,12,0,4,4,3,3,0.333
M_0098_09y8m_1_id524,16,0,4,4,4,4,0.25
M_0098_09y8m_1_id525,22,0,4,4,5.5,5.5,0.182
M_0098_09y8m_1_id526,18,0,4,4,4.5,4.5,0.222
M_0098_09y8m_1_id527,17,0,4,4,4.25,4.25,0.235
M_0098_09y8m_1_id528,20,0,4,4,5,5,0.2
M_0098_09y8m_1_id529,16,0,4,4,4,4,0.25
M_0098_09y8m_1_id530,20,0,4,4,5,5,0.2
M_0098_09y8m_1_id531,20,0,4,4,5,5,0.2
M_0098_09y8m_1_id532,16,0,4,4,4,4,0.25
M_0098_09y8m_1_id533,19,0,4,4,4.75,4.75,0.211
M_0098_09y8m_1_id534,23,0,4,4,5.75,5.75,0.174
M_0098_09y8m_1_id535,12,0,4,4,3,3,0.333
M_0098_09y8m_1_id536,20,0,4,4,5,5,0.2
M_0098_09y8m_1_id537,16,0,4,4,4,4,0.25
M_0098_09y8m_1_id538,17,0,4,4,4.25,4.25,0.235
M_0098_09y8m_1_id539,15,0,4,4,3.75,3.75,0.267
M_0098_09y8m_1_id540,14,0,4,4,3.5,3.5,0.286
M_0098_09y8m_1_id541,17,0,4,4,4.25,4.25,0.235
M_0098_09y8m_1_id542,15,0,4,4,3.75,3.75,0.267
M_0098_09y8m_1_id543,12,1,4,3.2,3,3.75,0.267
M_0098_09y8m_1_id544,10,2,4,2.98,2.5,3.36,0.298
M_0098_09y8m_1_id545,19,0,4,4,4.75,4.75,0.211
M_0098_09y8m_1_id546,16,0,4,4,4,4,0.25
M_0098_09y8m_1_id547,19,0,4,4,4.75,4.75,0.211
M_0098_09y8m_1_id548,16,0,4,4,4,4,0.25
M_0098_10y6m_1_id32,7,1,4,2.98,1.75,2.35,0.425
M_0098_10y6m_1_id33,12,2,4,3.15,3,3.81,0.263
M_0098_10y6m_1_id34,8,1,4,2.91,2,2.75,0.364
M_0098_10y6m_1_id35,8,2,4,3.04,2,2.63,0.38
M_0098_10y6m_1_id36,11,1,4,3.38,2.75,3.26,0.307
M_0098_10y6m_1_id37,6,2,4,2.88,1.5,2.08,0.48
M_0098_10y6m_1_id38,6,2,4,2.56,1.5,2.34,0.427
M_0098_10y6m_1_id39,8,1,4,2.06,2,3.88,0.258
M_0098_10y6m_1_id40,13,1,4,3.2,3.25,4.06,0.246
M_0098_10y6m_1_id41,15,0,4,4,3.75,3.75,0.267
M_0098_10y6m_1_id42,16,0,4,4,4,4,0.25
M_0098_10y6m_1_id43,12,2,4,2.93,3,4.1,0.244
M_0098_10y6m_1_id44,9,0,4,4,2.25,2.25,0.444
M_0098_10y6m_1_id45,13,0,4,3.28,3.25,3.96,0.252
M_0098_10y6m_1_id46,9,0,4,4,2.25,2.25,0.444
M_0098_10y6m_1_id47,16,0,4,4,4,4,0.25
M_0098_10y6m_1_id48,3,0,4,3.7,0.75,0.81,1.232
M_0098_10y6m_1_id49,7,1,4,3.36,1.75,2.08,0.48
M_0098_10y6m_1_id50,9,1,4,3.34,2.25,2.69,0.372
M_0098_10y6m_1_id51,12,0,4,4,3,3,0.333
M_0098_10y6m_1_id52,13,0,4,4,3.25,3.25,0.308
M_0098_10y6m_1_id53,11,0,4,4,2.75,2.75,0.364
M_0098_10y6m_1_id54,12,0,4,4,3,3,0.333
M_0098_10y6m_1_id55,12,0,4,4,3,3,0.333
M_0098_10y6m_1_id56,13,0,4,4,3.25,3.25,0.308
M_0098_10y6m_1_id57,13,0,4,4,3.25,3.25,0.308
M_0098_10y6m_1_id58,15,1,4,3.31,3.75,4.53,0.221
M_0098_10y6m_1_id59,12,0,4,4,3,3,0.333
M_0098_10y6m_1_id60,9,0,4,4,2.25,2.25,0.444
M_0098_10y6m_1_id61,9,0,4,2.37,2.25,3.8,0.263
M_0100_11y2m_1_id476,8,2,4,2.98,2,2.69,0.372
M_0100_11y2m_1_id477,3,0,4,2,0.75,1.5,0.667
M_0100_11y2m_1_id478,10,0,4,3.2,2.5,3.13,0.32
M_0100_11y2m_1_id479,4,0,4,1.28,1,3.12,0.32
M_0100_11y2m_1_id480,6,0,4,1.6,1.5,3.75,0.267
M_0100_11y2m_1_id481,8,0,4,2.66,2,3.01,0.332
M_0100_11y2m_1_id482,3,1,4,1.28,0.75,2.34,0.427
M_0100_11y2m_1_id483,14,0,4,4,3.5,3.5,0.286
M_0100_11y2m_1_id484,12,0,4,4,3,3,0.333
M_0100_11y2m_1_id485,14,0,4,4,3.5,3.5,0.286
M_0100_11y2m_1_id486,13,0,4,4,3.25,3.25,0.308
M_0100_11y2m_1_id487,4,0,4,1.41,1,2.84,0.352
M_0100_11y2m_1_id488,0,1,4,0.85,0,0, --undefined--
M_0100_11y2m_1_id489,7,0,4,1.89,1.75,3.71,0.27
M_0100_11y2m_1_id490,5,1,4,1.23,1.25,4.06,0.246
M_0100_11y2m_1_id491,9,0,4,4,2.25,2.25,0.444
M_0100_11y2m_1_id492,3,1,4,0.82,0.75,3.68,0.272
M_0100_11y2m_1_id493,3,0,4,1.63,0.75,1.84,0.544
M_0100_11y2m_1_id494,16,0,4,4,4,4,0.25
M_0100_11y2m_1_id495,10,1,4,3.57,2.5,2.8,0.357
M_0100_11y2m_1_id496,13,1,4,2.9,3.25,4.49,0.223
M_0100_11y2m_1_id497,5,0,4,1.47,1.25,3.4,0.294
M_0100_11y2m_1_id498,2,0,4,0.51,0.5,3.91,0.256
M_0100_11y2m_1_id499,4,0,4,1.02,1,3.91,0.256
M_0100_11y2m_1_id500,3,1,4,1.3,0.75,2.31,0.432
M_0100_11y2m_1_id501,3,0,4,0.94,0.75,3.18,0.315
M_0100_11y2m_1_id502,8,1,4,1.94,2,4.13,0.242
M_0100_11y2m_1_id503,6,1,4,1.71,1.5,3.5,0.285
M_0100_11y2m_1_id504,4,1,4,1.6,1,2.5,0.4
M_0100_11y2m_1_id505,13,2,4,3.3,3.25,3.94,0.254
M_0100_11y2m_1_id506,18,0,4,4,4.5,4.5,0.222
M_0100_11y2m_1_id507,21,0,4,4,5.25,5.25,0.19
M_0100_11y2m_1_id508,6,0,4,1.79,1.5,3.35,0.299
M_0100_11y2m_1_id509,11,1,4,3.14,2.75,3.51,0.285
M_0100_11y2m_1_id510,21,0,4,4,5.25,5.25,0.19
M_0100_11y2m_1_id511,7,0,4,1.76,1.75,3.98,0.251
M_0100_11y2m_1_id512,5,0,4,1.49,1.25,3.36,0.298
M_0100_11y2m_1_id513,14,0,4,3.55,3.5,3.94,0.254
M_0100_12y3m_1_id181,8,1,4,2.85,2,2.81,0.356
M_0100_12y3m_1_id182,13,1,4,3.42,3.25,3.8,0.263
M_0100_12y3m_1_id183,15,2,4,2.8,3.75,5.36,0.187
M_0100_12y3m_1_id184,14,0,4,4,3.5,3.5,0.286
M_0100_12y3m_1_id185,8,2,4,2.42,2,3.31,0.302
M_0100_12y3m_1_id186,7,1,4,1.57,1.75,4.46,0.224
M_0100_12y3m_1_id187,8,3,4,2.59,2,3.09,0.324
M_0100_12y3m_1_id188,7,2,4,2.54,1.75,2.75,0.363
M_0100_12y3m_1_id189,8,2,4,2.4,2,3.33,0.3
M_0100_12y3m_1_id190,9,2,4,2.62,2.25,3.43,0.292
M_0100_12y3m_1_id191,8,0,4,1.41,2,5.68,0.176
M_0100_12y3m_1_id192,8,1,4,2.43,2,3.29,0.304
M_0100_12y3m_1_id193,8,2,4,2.58,2,3.11,0.322
M_0100_12y3m_1_id194,9,0,4,2.24,2.25,4.02,0.249
M_0100_12y3m_1_id195,6,1,4,2.42,1.5,2.48,0.403
M_0100_12y3m_1_id196,3,1,4,0.96,0.75,3.13,0.32
M_0100_12y3m_1_id197,3,0,4,1.01,0.75,2.98,0.336
M_0100_12y3m_1_id198,10,2,4,2.66,2.5,3.77,0.266
M_0100_12y3m_1_id199,10,1,4,2.78,2.5,3.59,0.278
M_0100_12y3m_1_id200,1,0,4,0.66,0.25,1.52,0.656
M_0100_12y3m_1_id201,16,0,4,4,4,4,0.25
M_0100_12y3m_1_id202,1,0,4,0.72,0.25,1.39,0.72
M_0100_12y3m_1_id203,3,1,4,0.94,0.75,3.18,0.315
M_0100_12y3m_1_id204,15,0,4,3.6,3.75,4.17,0.24
M_0100_12y3m_1_id205,11,1,4,2.75,2.75,4,0.25
M_0100_12y3m_1_id206,9,1,4,3.62,2.25,2.49,0.402
M_0100_12y3m_1_id207,7,1,4,1.98,1.75,3.53,0.283
M_0100_12y3m_1_id208,10,1,4,2.46,2.5,4.06,0.246
M_0100_12y3m_1_id209,7,2,4,2.53,1.75,2.77,0.361
M_0100_12y3m_1_id210,0,0,4,4,0,0, --undefined--
M_0100_13y10m_1_id873,13,0,4,4,3.25,3.25,0.308
M_0100_13y10m_1_id874,8,1,4,2.69,2,2.98,0.336
M_0100_13y10m_1_id875,12,0,4,3.68,3,3.26,0.307
M_0100_13y10m_1_id876,6,2,4,2.27,1.5,2.64,0.379
M_0100_13y10m_1_id877,15,1,4,3.14,3.75,4.78,0.209
M_0100_13y10m_1_id878,11,0,4,4,2.75,2.75,0.364
M_0100_13y10m_1_id879,9,1,4,3.55,2.25,2.53,0.395
M_0100_13y10m_1_id880,5,2,4,1.78,1.25,2.82,0.355
M_0100_13y10m_1_id881,12,1,4,3.17,3,3.79,0.264
M_0100_13y10m_1_id882,5,3,4,2.22,1.25,2.25,0.445
M_0100_13y10m_1_id883,12,0,4,4,3,3,0.333
M_0100_13y10m_1_id884,4,0,4,3.5,1,1.14,0.876
M_0100_13y10m_1_id885,10,0,4,3.31,2.5,3.02,0.331
M_0100_13y10m_1_id886,11,0,4,4,2.75,2.75,0.364
M_0100_13y10m_1_id887,5,0,4,1.49,1.25,3.36,0.298
M_0100_13y10m_1_id888,10,0,4,4,2.5,2.5,0.4
M_0100_13y10m_1_id889,13,0,4,4,3.25,3.25,0.308
M_0100_13y10m_1_id890,10,0,4,4,2.5,2.5,0.4
M_0100_13y10m_1_id891,13,0,4,4,3.25,3.25,0.308
M_0100_13y10m_1_id892,4,1,4,0.88,1,4.55,0.22
M_0100_13y10m_1_id893,9,1,4,2.67,2.25,3.37,0.297
M_0100_13y10m_1_id894,15,0,4,3.15,3.75,4.76,0.21
M_0100_13y10m_1_id895,12,0,4,4,3,3,0.333
M_0100_13y10m_1_id896,14,0,4,4,3.5,3.5,0.286
M_0100_13y10m_1_id897,14,1,4,3.52,3.5,3.98,0.251
M_0100_13y10m_1_id898,12,1,4,3.04,3,3.95,0.253
M_0100_13y10m_1_id899,14,0,4,4,3.5,3.5,0.286
M_0100_13y10m_1_id900,9,0,4,4,2.25,2.25,0.444
M_0100_13y10m_1_id901,9,0,4,4,2.25,2.25,0.444
M_0100_13y10m_1_id902,10,1,4,2.64,2.5,3.79,0.264
M_0100_13y10m_1_id903,13,0,4,4,3.25,3.25,0.308
M_0100_13y10m_1_id904,15,0,4,4,3.75,3.75,0.267
M_0100_13y10m_1_id905,14,1,4,3.7,3.5,3.79,0.264
M_0104_10y3m_1_id100,9,1,4,3.15,2.25,2.86,0.35
M_0104_10y3m_1_id101,9,0,4,4,2.25,2.25,0.444
M_0104_10y3m_1_id102,14,0,4,4,3.5,3.5,0.286
M_0104_10y3m_1_id103,7,0,4,3.22,1.75,2.18,0.459
M_0104_10y3m_1_id104,5,1,4,2.96,1.25,1.69,0.592
M_0104_10y3m_1_id105,13,1,4,3.22,3.25,4.04,0.247
M_0104_10y3m_1_id106,5,2,4,2.38,1.25,2.1,0.477
M_0104_10y3m_1_id107,6,3,4,2.24,1.5,2.68,0.373
M_0104_10y3m_1_id108,14,0,4,4,3.5,3.5,0.286
M_0104_10y3m_1_id109,5,2,4,2.46,1.25,2.03,0.493
M_0104_10y3m_1_id110,10,0,4,4,2.5,2.5,0.4
M_0104_10y3m_1_id111,7,2,4,2.98,1.75,2.35,0.425
M_0104_10y3m_1_id112,7,0,4,3.62,1.75,1.94,0.517
M_0104_10y3m_1_id62,0,0,4,4,0,0, --undefined--
M_0104_10y3m_1_id63,2,0,4,1.33,0.5,1.51,0.664
M_0104_10y3m_1_id64,12,1,4,3.26,3,3.68,0.272
M_0104_10y3m_1_id65,5,2,4,2.91,1.25,1.72,0.582
M_0104_10y3m_1_id66,8,1,4,3.04,2,2.63,0.38
M_0104_10y3m_1_id67,6,0,4,2.64,1.5,2.27,0.44
M_0104_10y3m_1_id68,8,2,4,2.7,2,2.96,0.338
M_0104_10y3m_1_id69,10,0,4,4,2.5,2.5,0.4
M_0104_10y3m_1_id70,15,1,4,3.52,3.75,4.26,0.235
M_0104_10y3m_1_id71,4,1,4,3.26,1,1.23,0.816
M_0104_10y3m_1_id72,8,1,4,3.7,2,2.16,0.462
M_0104_10y3m_1_id73,12,0,4,4,3,3,0.333
M_0104_10y3m_1_id74,8,1,4,3.7,2,2.16,0.462
M_0104_10y3m_1_id75,9,0,4,4,2.25,2.25,0.444
M_0104_10y3m_1_id76,10,2,4,2.96,2.5,3.38,0.296
M_0104_10y3m_1_id77,9,0,4,3.52,2.25,2.56,0.391
M_0104_10y3m_1_id78,12,0,4,4,3,3,0.333
M_0104_10y3m_1_id79,15,0,4,4,3.75,3.75,0.267
M_0104_10y3m_1_id80,5,1,4,3.17,1.25,1.58,0.634
M_0104_10y3m_1_id81,8,2,4,1.76,2,4.55,0.22
M_0104_10y3m_1_id82,7,1,4,3.1,1.75,2.26,0.443
M_0104_10y3m_1_id83,5,0,4,2.91,1.25,1.72,0.582
M_0104_10y3m_1_id84,13,0,4,4,3.25,3.25,0.308
M_0104_10y3m_1_id85,6,0,4,3.06,1.5,1.96,0.509
M_0104_10y3m_1_id86,11,0,4,4,2.75,2.75,0.364
M_0104_10y3m_1_id87,8,2,4,3.12,2,2.56,0.39
M_0104_10y3m_1_id88,9,1,4,3.06,2.25,2.95,0.34
M_0104_10y3m_1_id89,6,2,4,3.15,1.5,1.9,0.525
M_0104_10y3m_1_id90,7,2,4,2.42,1.75,2.9,0.345
M_0104_10y3m_1_id91,8,2,4,2.74,2,2.92,0.342
M_0104_10y3m_1_id92,9,0,4,3.07,2.25,2.93,0.341
M_0104_10y3m_1_id93,8,1,4,3.7,2,2.16,0.462
M_0104_10y3m_1_id94,6,2,4,2.51,1.5,2.39,0.419
M_0104_10y3m_1_id95,8,2,4,3.14,2,2.55,0.392
M_0104_10y3m_1_id96,4,2,4,2.72,1,1.47,0.68
M_0104_10y3m_1_id97,3,1,4,1.31,0.75,2.29,0.437
M_0104_10y3m_1_id98,6,2,4,2.03,1.5,2.95,0.339
M_0104_10y3m_1_id99,7,0,4,3.28,1.75,2.13,0.469
M_0138_12y2m_1_id811,11,1,4,3.7,2.75,2.98,0.336
M_0138_12y2m_1_id812,11,0,4,4,2.75,2.75,0.364
M_0138_12y2m_1_id813,6,0,4,2.93,1.5,2.05,0.488
M_0138_12y2m_1_id814,9,1,4,3.41,2.25,2.64,0.379
M_0138_12y2m_1_id815,9,1,4,2.62,2.25,3.43,0.292
M_0138_12y2m_1_id816,10,1,4,3.28,2.5,3.05,0.328
M_0138_12y2m_1_id817,13,0,4,3.26,3.25,3.98,0.251
M_0138_12y2m_1_id818,5,1,4,1.44,1.25,3.47,0.288
M_0138_12y2m_1_id819,12,2,4,3.09,3,3.89,0.257
M_0138_12y2m_1_id820,8,2,4,2.64,2,3.03,0.33
M_0138_12y2m_1_id821,14,1,4,3.31,3.5,4.23,0.237
M_0138_12y2m_1_id822,8,2,4,2.94,2,2.72,0.368
M_0138_12y2m_1_id823,8,2,4,2.78,2,2.87,0.348
M_0138_12y2m_1_id824,9,3,4,2.4,2.25,3.75,0.267
M_0138_12y2m_1_id825,11,1,4,2.9,2.75,3.8,0.263
M_0138_12y2m_1_id826,12,0,4,3.5,3,3.42,0.292
M_0138_12y2m_1_id827,9,1,4,3.14,2.25,2.87,0.348
M_0138_12y2m_1_id828,10,1,4,3.62,2.5,2.77,0.362
M_0138_12y2m_1_id829,13,1,4,3.3,3.25,3.94,0.254
M_0138_12y2m_1_id830,7,1,4,3.63,1.75,1.93,0.519
M_0138_12y2m_1_id831,6,1,4,2.69,1.5,2.23,0.448
M_0138_12y2m_1_id832,10,2,4,3.3,2.5,3.03,0.33
M_0138_12y2m_1_id833,8,2,4,2.11,2,3.79,0.264
M_0138_12y2m_1_id834,9,1,4,2.99,2.25,3.01,0.332
M_0138_12y2m_1_id835,5,3,4,2.21,1.25,2.26,0.442
M_0138_12y2m_1_id836,8,1,4,3.09,2,2.59,0.386
M_0138_12y2m_1_id837,12,1,4,3.33,3,3.61,0.277
M_0138_12y2m_1_id838,12,0,4,4,3,3,0.333
M_0138_12y2m_1_id839,7,1,4,3.01,1.75,2.33,0.43
M_0138_12y2m_1_id840,11,2,4,3.17,2.75,3.47,0.288
M_0138_13y3m_1_id580,11,0,4,4,2.75,2.75,0.364
M_0138_13y3m_1_id581,10,0,4,4,2.5,2.5,0.4
M_0138_13y3m_1_id582,13,1,4,3.09,3.25,4.21,0.238
M_0138_13y3m_1_id583,19,0,4,4,4.75,4.75,0.211
M_0138_13y3m_1_id584,12,0,4,4,3,3,0.333
M_0138_13y3m_1_id585,14,0,4,4,3.5,3.5,0.286
M_0138_13y3m_1_id586,16,0,4,4,4,4,0.25
M_0138_13y3m_1_id587,9,2,4,2.96,2.25,3.04,0.329
M_0138_13y3m_1_id588,15,0,4,4,3.75,3.75,0.267
M_0138_13y3m_1_id589,8,0,4,4,2,2,0.5
M_0138_13y3m_1_id590,16,0,4,4,4,4,0.25
M_0138_13y3m_1_id591,13,1,4,3.52,3.25,3.69,0.271
M_0138_13y3m_1_id592,15,0,4,4,3.75,3.75,0.267
M_0138_13y3m_1_id593,11,0,4,4,2.75,2.75,0.364
M_0138_13y3m_1_id594,12,0,4,4,3,3,0.333
M_0138_13y3m_1_id595,15,0,4,4,3.75,3.75,0.267
M_0138_13y3m_1_id596,13,0,4,3.52,3.25,3.69,0.271
M_0138_13y3m_1_id597,14,0,4,4,3.5,3.5,0.286
M_0138_13y3m_1_id598,16,0,4,4,4,4,0.25
M_0138_13y3m_1_id599,12,0,4,4,3,3,0.333
M_0138_13y3m_1_id600,16,0,4,4,4,4,0.25
M_0138_13y3m_1_id601,9,0,4,4,2.25,2.25,0.444
M_0138_13y3m_1_id602,9,0,4,4,2.25,2.25,0.444
M_0138_13y3m_1_id603,13,0,4,4,3.25,3.25,0.308
M_0138_13y3m_1_id604,13,0,4,4,3.25,3.25,0.308
M_0138_13y3m_1_id605,13,0,4,4,3.25,3.25,0.308
M_0138_13y3m_1_id606,21,0,4,4,5.25,5.25,0.19
M_0138_13y3m_1_id607,17,0,4,4,4.25,4.25,0.235
M_0138_13y3m_1_id608,9,0,4,4,2.25,2.25,0.444
M_0138_13y3m_1_id609,12,0,4,4,3,3,0.333
M_0138_13y3m_1_id610,7,0,4,4,1.75,1.75,0.571
M_0138_13y3m_1_id611,16,0,4,4,4,4,0.25
M_0138_13y3m_1_id612,18,0,4,4,4.5,4.5,0.222
M_0210_11y3m_1_id1005,9,1,4,2.05,2.25,4.39,0.228
M_0210_11y3m_1_id1006,14,2,4,3.01,3.5,4.65,0.215
M_0210_11y3m_1_id1007,6,2,4,1.97,1.5,3.05,0.328
M_0210_11y3m_1_id1008,14,0,4,4,3.5,3.5,0.286
M_0210_11y3m_1_id1009,15,1,4,3.49,3.75,4.3,0.233
M_0210_11y3m_1_id1010,18,0,4,3.5,4.5,5.14,0.195
M_0210_11y3m_1_id1011,13,2,4,2.75,3.25,4.72,0.212
M_0210_11y3m_1_id1012,15,2,4,3.25,3.75,4.62,0.217
M_0210_11y3m_1_id1013,4,1,4,1.33,1,3.01,0.332
M_0210_11y3m_1_id1014,6,2,4,1.94,1.5,3.1,0.323
M_0210_11y3m_1_id1015,6,2,4,1.9,1.5,3.15,0.317
M_0210_11y3m_1_id1016,5,0,4,2.5,1.25,2,0.499
M_0210_11y3m_1_id1017,8,1,4,3.42,2,2.34,0.428
M_0210_11y3m_1_id1018,10,1,4,3.01,2.5,3.32,0.301
M_0210_11y3m_1_id1019,8,1,4,2.59,2,3.09,0.324
M_0210_11y3m_1_id1020,12,2,4,3.02,3,3.97,0.252
M_0210_11y3m_1_id1021,6,1,4,1.74,1.5,3.44,0.291
M_0210_11y3m_1_id1022,8,2,4,2.51,2,3.18,0.314
M_0210_11y3m_1_id1023,3,0,4,0.88,0.75,3.41,0.293
M_0210_11y3m_1_id1024,4,1,4,1.41,1,2.84,0.352
M_0210_11y3m_1_id1025,12,0,4,4,3,3,0.333
M_0210_11y3m_1_id1026,5,2,4,1.18,1.25,4.22,0.237
M_0210_11y3m_1_id1027,12,1,4,2.61,3,4.6,0.217
M_0210_11y3m_1_id1028,6,2,4,2.14,1.5,2.8,0.357
M_0210_11y3m_1_id1029,4,1,4,1.5,1,2.66,0.376
M_0210_11y3m_1_id1030,9,2,4,2.77,2.25,3.25,0.308
M_0210_11y3m_1_id1031,4,1,4,1.26,1,3.16,0.316
M_0210_11y3m_1_id1032,4,1,4,2.67,1,1.5,0.668
M_0210_11y3m_1_id1033,5,0,4,1.02,1.25,4.88,0.205
M_0210_11y3m_1_id1034,6,1,4,1.86,1.5,3.23,0.309
M_0210_11y3m_1_id1035,8,1,4,2.35,2,3.4,0.294
M_0210_11y3m_1_id1036,12,2,4,3.26,3,3.68,0.272
M_0213_10y10m_1_id906,12,3,4,2.54,3,4.72,0.212
M_0213_10y10m_1_id907,3,2,4,1.46,0.75,2.06,0.485
M_0213_10y10m_1_id908,8,2,4,2.22,2,3.6,0.278
M_0213_10y10m_1_id909,13,1,4,3.49,3.25,3.73,0.268
M_0213_10y10m_1_id910,8,1,4,3.14,2,2.55,0.392
M_0213_10y10m_1_id911,10,1,4,2.93,2.5,3.42,0.293
M_0213_10y10m_1_id912,3,3,4,1.65,0.75,1.82,0.549
M_0213_10y10m_1_id913,12,1,4,3.04,3,3.95,0.253
M_0213_10y10m_1_id914,10,1,4,3.5,2.5,2.85,0.35
M_0213_10y10m_1_id915,15,0,4,4,3.75,3.75,0.267
M_0213_10y10m_1_id916,6,0,4,4,1.5,1.5,0.667
M_0213_10y10m_1_id917,15,0,4,4,3.75,3.75,0.267
M_0213_10y10m_1_id918,12,0,4,4,3,3,0.333
M_0213_10y10m_1_id919,4,1,4,1.18,1,3.38,0.296
M_0213_10y10m_1_id920,6,2,4,1.82,1.5,3.29,0.304
M_0213_10y10m_1_id921,8,2,4,3.26,2,2.45,0.408
M_0213_10y10m_1_id922,7,1,4,2.1,1.75,3.34,0.299
M_0213_10y10m_1_id923,11,1,4,3.39,2.75,3.24,0.308
M_0213_10y10m_1_id924,13,1,4,3.04,3.25,4.28,0.234
M_0213_10y10m_1_id925,6,2,4,1.82,1.5,3.29,0.304
M_0213_10y10m_1_id926,4,1,4,1.5,1,2.66,0.376
M_0213_10y10m_1_id927,5,3,4,1.87,1.25,2.67,0.374
M_0213_10y10m_1_id928,4,2,4,2.02,1,1.98,0.504
M_0213_10y10m_1_id929,7,1,4,2.02,1.75,3.47,0.288
M_0213_10y10m_1_id930,9,2,4,2.82,2.25,3.2,0.313
M_0213_10y10m_1_id931,6,1,4,2.14,1.5,2.8,0.357
M_0213_10y10m_1_id932,8,2,4,2.58,2,3.11,0.322
M_0213_10y10m_1_id933,8,1,4,2.13,2,3.76,0.266
M_0213_10y10m_1_id934,18,0,4,4,4.5,4.5,0.222
M_0213_10y10m_1_id935,3,1,4,1.26,0.75,2.37,0.421
M_0213_10y10m_1_id936,8,1,4,2.59,2,3.09,0.324
M_0219_11y2m_1_id643,9,2,4,2.13,2.25,4.23,0.236
M_0219_11y2m_1_id644,2,1,4,0.83,0.5,2.4,0.416
M_0219_11y2m_1_id645,4,1,4,1.55,1,2.58,0.388
M_0219_11y2m_1_id646,9,1,4,2.14,2.25,4.2,0.238
M_0219_11y2m_1_id647,10,1,4,2.82,2.5,3.55,0.282
M_0219_11y2m_1_id648,9,0,4,2,2.25,4.5,0.222
M_0219_11y2m_1_id649,10,1,4,3.38,2.5,2.96,0.338
M_0219_11y2m_1_id650,11,2,4,3.25,2.75,3.39,0.295
M_0219_11y2m_1_id651,4,1,4,1.58,1,2.53,0.396
M_0219_11y2m_1_id652,9,2,4,2.82,2.25,3.2,0.313
M_0219_11y2m_1_id653,7,1,4,2.66,1.75,2.64,0.379
M_0219_11y2m_1_id654,2,1,4,0.46,0.5,4.31,0.232
M_0219_11y2m_1_id655,11,1,4,2.24,2.75,4.91,0.204
M_0219_11y2m_1_id656,5,1,4,1.78,1.25,2.82,0.355
M_0219_11y2m_1_id657,8,1,4,1.95,2,4.1,0.244
M_0219_11y2m_1_id658,8,1,4,1.76,2,4.55,0.22
M_0219_11y2m_1_id659,12,0,4,3.39,3,3.54,0.283
M_0219_11y2m_1_id660,1,0,4,0.38,0.25,2.6,0.384
M_0219_11y2m_1_id661,5,2,4,1.95,1.25,2.56,0.39
M_0219_11y2m_1_id662,11,2,4,2.91,2.75,3.78,0.265
M_0219_11y2m_1_id663,14,2,4,3.17,3.5,4.42,0.226
M_0219_11y2m_1_id664,11,2,4,2.54,2.75,4.32,0.231
M_0219_11y2m_1_id665,12,1,4,3.17,3,3.79,0.264
M_0219_11y2m_1_id666,9,1,4,2.53,2.25,3.56,0.281
M_0219_11y2m_1_id667,8,0,4,2.21,2,3.62,0.276
M_0219_11y2m_1_id668,13,0,4,3.25,3.25,4,0.25
M_0219_11y2m_1_id669,10,1,4,2.05,2.5,4.88,0.205
M_0219_11y2m_1_id670,9,0,4,2.1,2.25,4.29,0.233
M_0219_11y2m_1_id671,10,2,4,3.04,2.5,3.29,0.304
M_0219_11y2m_1_id672,5,0,4,1.34,1.25,3.72,0.269
M_0219_11y2m_1_id673,4,1,4,1.65,1,2.43,0.412
M_0219_11y2m_1_id674,13,0,4,4,3.25,3.25,0.308
M_0219_11y2m_1_id675,7,1,4,1.52,1.75,4.61,0.217
M_0219_11y2m_1_id676,9,1,4,2.51,2.25,3.58,0.279
M_0219_11y2m_1_id677,8,1,4,2.29,2,3.5,0.286
M_0219_11y2m_1_id678,8,2,4,2.21,2,3.62,0.276
M_0219_11y2m_1_id679,12,1,4,2.8,3,4.29,0.233
M_0219_11y2m_1_id680,14,1,4,3.12,3.5,4.49,0.223
M_0219_11y2m_1_id681,8,1,4,2.02,2,3.97,0.252
M_0219_11y2m_1_id682,13,2,4,3.25,3.25,4,0.25
M_0219_11y2m_1_id683,8,0,4,1.62,2,4.95,0.202
M_0234_09y9m_1_id613,11,0,4,4,2.75,2.75,0.364
M_0234_09y9m_1_id614,12,0,4,4,3,3,0.333
M_0234_09y9m_1_id615,8,0,4,4,2,2,0.5
M_0234_09y9m_1_id616,14,0,4,4,3.5,3.5,0.286
M_0234_09y9m_1_id617,14,0,4,4,3.5,3.5,0.286
M_0234_09y9m_1_id618,11,0,4,4,2.75,2.75,0.364
M_0234_09y9m_1_id619,22,0,4,4,5.5,5.5,0.182
M_0234_09y9m_1_id620,14,0,4,4,3.5,3.5,0.286
M_0234_09y9m_1_id621,11,0,4,4,2.75,2.75,0.364
M_0234_09y9m_1_id622,15,0,4,4,3.75,3.75,0.267
M_0234_09y9m_1_id623,9,0,4,4,2.25,2.25,0.444
M_0234_09y9m_1_id624,10,0,4,4,2.5,2.5,0.4
M_0234_09y9m_1_id625,12,0,4,4,3,3,0.333
M_0234_09y9m_1_id626,11,0,4,4,2.75,2.75,0.364
M_0234_09y9m_1_id627,18,0,4,4,4.5,4.5,0.222
M_0234_09y9m_1_id628,14,0,4,4,3.5,3.5,0.286
M_0234_09y9m_1_id629,16,0,4,4,4,4,0.25
M_0234_09y9m_1_id630,15,0,4,4,3.75,3.75,0.267
M_0234_09y9m_1_id631,11,0,4,4,2.75,2.75,0.364
M_0234_09y9m_1_id632,5,2,4,2.26,1.25,2.22,0.451
M_0234_09y9m_1_id633,12,0,4,4,3,3,0.333
M_0234_09y9m_1_id634,12,0,4,4,3,3,0.333
M_0234_09y9m_1_id635,15,0,4,4,3.75,3.75,0.267
M_0234_09y9m_1_id636,11,0,4,4,2.75,2.75,0.364
M_0234_09y9m_1_id637,8,0,4,4,2,2,0.5
M_0234_09y9m_1_id638,11,0,4,4,2.75,2.75,0.364
M_0234_09y9m_1_id639,11,0,4,4,2.75,2.75,0.364
M_0234_09y9m_1_id640,13,0,4,4,3.25,3.25,0.308
M_0234_09y9m_1_id641,13,0,4,4,3.25,3.25,0.308
M_0234_09y9m_1_id642,11,0,4,4,2.75,2.75,0.364
M_0394_08y10m_1_id549,13,1,4,3.47,3.25,3.74,0.267
M_0394_08y10m_1_id550,18,0,4,4,4.5,4.5,0.222
M_0394_08y10m_1_id551,20,0,4,4,5,5,0.2
M_0394_08y10m_1_id552,17,0,4,4,4.25,4.25,0.235
M_0394_08y10m_1_id553,15,0,4,4,3.75,3.75,0.267
M_0394_08y10m_1_id554,17,0,4,4,4.25,4.25,0.235
M_0394_08y10m_1_id555,10,0,4,4,2.5,2.5,0.4
M_0394_08y10m_1_id556,13,0,4,4,3.25,3.25,0.308
M_0394_08y10m_1_id557,14,0,4,4,3.5,3.5,0.286
M_0394_08y10m_1_id558,13,0,4,4,3.25,3.25,0.308
M_0394_08y10m_1_id559,15,0,4,4,3.75,3.75,0.267
M_0394_08y10m_1_id560,17,0,4,4,4.25,4.25,0.235
M_0394_08y10m_1_id561,17,0,4,4,4.25,4.25,0.235
M_0394_08y10m_1_id562,17,0,4,4,4.25,4.25,0.235
M_0394_08y10m_1_id563,16,0,4,4,4,4,0.25
M_0394_08y10m_1_id564,9,1,4,3.58,2.25,2.51,0.398
M_0394_08y10m_1_id565,18,0,4,4,4.5,4.5,0.222
M_0394_08y10m_1_id566,11,0,4,4,2.75,2.75,0.364
M_0394_08y10m_1_id567,16,0,4,4,4,4,0.25
M_0394_08y10m_1_id568,16,2,4,2.96,4,5.41,0.185
M_0394_08y10m_1_id569,15,1,4,3.57,3.75,4.2,0.238
M_0394_08y10m_1_id570,13,0,4,4,3.25,3.25,0.308
M_0394_08y10m_1_id571,18,0,4,4,4.5,4.5,0.222
M_0394_08y10m_1_id572,25,0,4,4,6.25,6.25,0.16
M_0394_08y10m_1_id573,16,0,4,4,4,4,0.25
M_0394_08y10m_1_id574,15,0,4,4,3.75,3.75,0.267
M_0394_08y10m_1_id575,18,1,4,3.7,4.5,4.87,0.205
M_0394_08y10m_1_id576,24,0,4,4,6,6,0.167
M_0394_08y10m_1_id577,25,0,4,4,6.25,6.25,0.16
M_0394_08y10m_1_id578,17,0,4,4,4.25,4.25,0.235
M_0394_08y10m_1_id579,17,0,4,4,4.25,4.25,0.235
M_0394_09y2m_1_id747,11,1,4,3.6,2.75,3.06,0.327
M_0394_09y2m_1_id748,13,0,4,4,3.25,3.25,0.308
M_0394_09y2m_1_id749,14,0,4,4,3.5,3.5,0.286
M_0394_09y2m_1_id750,11,0,4,4,2.75,2.75,0.364
M_0394_09y2m_1_id751,9,0,4,4,2.25,2.25,0.444
M_0394_09y2m_1_id752,16,0,4,4,4,4,0.25
M_0394_09y2m_1_id753,8,0,4,4,2,2,0.5
M_0394_09y2m_1_id754,11,0,4,4,2.75,2.75,0.364
M_0394_09y2m_1_id755,17,0,4,4,4.25,4.25,0.235
M_0394_09y2m_1_id756,8,0,4,4,2,2,0.5
M_0394_09y2m_1_id757,12,0,4,4,3,3,0.333
M_0394_09y2m_1_id758,11,0,4,4,2.75,2.75,0.364
M_0394_09y2m_1_id759,10,0,4,4,2.5,2.5,0.4
M_0394_09y2m_1_id760,14,0,4,4,3.5,3.5,0.286
M_0394_09y2m_1_id761,13,0,4,4,3.25,3.25,0.308
M_0394_09y2m_1_id762,6,0,4,4,1.5,1.5,0.667
M_0394_09y2m_1_id763,13,0,4,4,3.25,3.25,0.308
M_0394_09y2m_1_id764,8,1,4,3.49,2,2.29,0.436
M_0394_09y2m_1_id765,15,0,4,4,3.75,3.75,0.267
M_0394_09y2m_1_id766,13,0,4,4,3.25,3.25,0.308
M_0394_09y2m_1_id767,9,0,4,4,2.25,2.25,0.444
M_0394_09y2m_1_id768,11,0,4,4,2.75,2.75,0.364
M_0394_09y2m_1_id769,12,0,4,4,3,3,0.333
M_0394_09y2m_1_id770,12,0,4,4,3,3,0.333
M_0394_09y2m_1_id771,17,0,4,4,4.25,4.25,0.235
M_0394_09y2m_1_id772,14,0,4,4,3.5,3.5,0.286
M_0394_09y2m_1_id773,14,0,4,4,3.5,3.5,0.286
M_0394_09y2m_1_id774,14,0,4,4,3.5,3.5,0.286
M_0394_09y2m_1_id775,10,1,4,3.17,2.5,3.16,0.317
M_0394_09y2m_1_id776,13,0,4,4,3.25,3.25,0.308
M_0394_09y5m_1_id684,7,2,4,2.61,1.75,2.68,0.373
M_0394_09y5m_1_id685,8,2,4,3.18,2,2.51,0.398
M_0394_09y5m_1_id686,13,0,4,4,3.25,3.25,0.308
M_0394_09y5m_1_id687,9,1,4,2.24,2.25,4.02,0.249
M_0394_09y5m_1_id688,8,1,4,2.24,2,3.57,0.28
M_0394_09y5m_1_id689,15,0,4,4,3.75,3.75,0.267
M_0394_09y5m_1_id690,15,0,4,4,3.75,3.75,0.267
M_0394_09y5m_1_id691,17,2,4,3.15,4.25,5.39,0.185
M_0394_09y5m_1_id692,16,0,4,4,4,4,0.25
M_0394_09y5m_1_id693,15,0,4,4,3.75,3.75,0.267
M_0394_09y5m_1_id694,17,0,4,4,4.25,4.25,0.235
M_0394_09y5m_1_id695,13,0,4,4,3.25,3.25,0.308
M_0394_09y5m_1_id696,2,0,4,1.34,0.5,1.49,0.672
M_0394_09y5m_1_id697,6,1,4,2.08,1.5,2.88,0.347
M_0394_09y5m_1_id698,8,1,4,2.43,2,3.29,0.304
M_0394_09y5m_1_id699,10,2,4,2.59,2.5,3.86,0.259
M_0394_09y5m_1_id700,7,0,4,3.07,1.75,2.28,0.439
M_0394_09y5m_1_id701,14,0,4,4,3.5,3.5,0.286
M_0394_09y5m_1_id702,15,1,4,3.6,3.75,4.17,0.24
M_0394_09y5m_1_id703,13,1,4,3.63,3.25,3.58,0.279
M_0394_09y5m_1_id704,15,0,4,4,3.75,3.75,0.267
M_0394_09y5m_1_id705,6,1,4,3.6,1.5,1.67,0.6
M_0394_09y5m_1_id706,14,0,4,4,3.5,3.5,0.286
M_0394_09y5m_1_id707,19,0,4,4,4.75,4.75,0.211
M_0394_09y5m_1_id708,14,0,4,4,3.5,3.5,0.286
M_0394_09y5m_1_id709,12,0,4,4,3,3,0.333
M_0394_09y5m_1_id710,14,0,4,4,3.5,3.5,0.286
M_0394_09y5m_1_id711,18,0,4,4,4.5,4.5,0.222
M_0394_09y5m_1_id712,19,0,4,4,4.75,4.75,0.211
M_0394_09y5m_1_id713,14,0,4,4,3.5,3.5,0.286
M_0394_09y5m_1_id714,9,2,4,2.54,2.25,3.54,0.283
M_0394_09y5m_1_id715,10,0,4,4,2.5,2.5,0.4
M_0399_12y4m_1_id438,11,0,4,4,2.75,2.75,0.364
M_0399_12y4m_1_id439,21,0,4,4,5.25,5.25,0.19
M_0399_12y4m_1_id440,18,0,4,4,4.5,4.5,0.222
M_0399_12y4m_1_id441,14,0,4,3.44,3.5,4.07,0.246
M_0399_12y4m_1_id442,13,0,4,4,3.25,3.25,0.308
M_0399_12y4m_1_id443,13,0,4,4,3.25,3.25,0.308
M_0399_12y4m_1_id444,15,0,4,4,3.75,3.75,0.267
M_0399_12y4m_1_id445,13,0,4,4,3.25,3.25,0.308
M_0399_12y4m_1_id446,22,0,4,4,5.5,5.5,0.182
M_0399_12y4m_1_id447,13,1,4,3.42,3.25,3.8,0.263
M_0399_12y4m_1_id448,13,0,4,4,3.25,3.25,0.308
M_0399_12y4m_1_id449,13,1,4,3.44,3.25,3.78,0.265
M_0399_12y4m_1_id450,16,0,4,4,4,4,0.25
M_0399_12y4m_1_id451,14,0,4,4,3.5,3.5,0.286
M_0399_12y4m_1_id452,18,0,4,4,4.5,4.5,0.222
M_0399_12y4m_1_id453,17,1,4,3.58,4.25,4.74,0.211
M_0399_12y4m_1_id454,17,0,4,4,4.25,4.25,0.235
M_0399_12y4m_1_id455,20,0,4,4,5,5,0.2
M_0399_12y4m_1_id456,17,0,4,4,4.25,4.25,0.235
M_0399_12y4m_1_id457,13,0,4,4,3.25,3.25,0.308
M_0399_12y4m_1_id458,15,0,4,4,3.75,3.75,0.267
M_0399_12y4m_1_id459,19,0,4,4,4.75,4.75,0.211
M_0399_12y4m_1_id460,15,0,4,4,3.75,3.75,0.267
M_0399_12y4m_1_id461,18,0,4,4,4.5,4.5,0.222
M_0399_12y4m_1_id462,20,0,4,4,5,5,0.2
M_0399_12y4m_1_id463,17,0,4,4,4.25,4.25,0.235
M_0399_12y4m_1_id464,20,0,4,4,5,5,0.2
M_0399_12y4m_1_id465,22,0,4,4,5.5,5.5,0.182
M_0399_12y4m_1_id466,21,0,4,4,5.25,5.25,0.19
M_0399_12y4m_1_id467,22,0,4,4,5.5,5.5,0.182
M_0399_12y4m_1_id468,11,0,4,4,2.75,2.75,0.364
M_0399_12y4m_1_id469,15,0,4,4,3.75,3.75,0.267
M_0399_12y4m_1_id470,17,0,4,4,4.25,4.25,0.235
M_0399_12y4m_1_id471,17,0,4,4,4.25,4.25,0.235
M_0399_12y4m_1_id472,19,0,4,4,4.75,4.75,0.211
M_0399_12y4m_1_id473,17,0,4,4,4.25,4.25,0.235
M_0399_12y4m_1_id474,10,2,4,3.26,2.5,3.06,0.326
M_0399_12y4m_1_id475,17,0,4,4,4.25,4.25,0.235
M_0556_07y8m_1_id346,10,0,4,4,2.5,2.5,0.4
M_0556_07y8m_1_id347,9,0,4,4,2.25,2.25,0.444
M_0556_07y8m_1_id348,11,0,4,4,2.75,2.75,0.364
M_0556_07y8m_1_id349,11,0,4,4,2.75,2.75,0.364
M_0556_07y8m_1_id350,16,0,4,4,4,4,0.25
M_0556_07y8m_1_id351,12,0,4,4,3,3,0.333
M_0556_07y8m_1_id352,6,0,4,4,1.5,1.5,0.667
M_0556_07y8m_1_id353,8,0,4,3.07,2,2.6,0.384
M_0556_07y8m_1_id354,7,1,4,3.34,1.75,2.09,0.478
M_0556_07y8m_1_id355,8,0,4,3.31,2,2.42,0.414
M_0556_07y8m_1_id356,0,0,4,0.24,0,0, --undefined--
M_0556_07y8m_1_id357,13,0,4,4,3.25,3.25,0.308
M_0556_07y8m_1_id358,14,0,4,4,3.5,3.5,0.286
M_0556_07y8m_1_id359,9,0,4,4,2.25,2.25,0.444
M_0556_07y8m_1_id360,10,1,4,3.36,2.5,2.98,0.336
M_0556_07y8m_1_id361,9,0,4,4,2.25,2.25,0.444
M_0556_07y8m_1_id362,10,1,4,3.68,2.5,2.72,0.368
M_0556_07y8m_1_id363,11,0,4,4,2.75,2.75,0.364
M_0556_07y8m_1_id364,10,0,4,4,2.5,2.5,0.4
M_0556_07y8m_1_id365,12,0,4,4,3,3,0.333
M_0556_07y8m_1_id366,10,0,4,4,2.5,2.5,0.4
M_0556_07y8m_1_id367,12,0,4,4,3,3,0.333
M_0556_07y8m_1_id368,8,0,4,4,2,2,0.5
M_0556_07y8m_1_id369,12,0,4,4,3,3,0.333
M_0556_07y8m_1_id370,7,0,4,4,1.75,1.75,0.571
M_0556_07y8m_1_id371,17,0,4,4,4.25,4.25,0.235
M_0556_07y8m_1_id372,14,0,4,4,3.5,3.5,0.286
M_0556_07y8m_1_id373,13,0,4,4,3.25,3.25,0.308
M_0556_07y8m_1_id374,18,0,4,4,4.5,4.5,0.222
M_0556_07y8m_1_id375,12,0,4,4,3,3,0.333
M_0556_08y0m_1_id376,14,0,4,4,3.5,3.5,0.286
M_0556_08y0m_1_id377,13,0,4,4,3.25,3.25,0.308
M_0556_08y0m_1_id378,10,1,4,3.12,2.5,3.21,0.312
M_0556_08y0m_1_id379,13,0,4,4,3.25,3.25,0.308
M_0556_08y0m_1_id380,14,0,4,4,3.5,3.5,0.286
M_0556_08y0m_1_id381,19,0,4,4,4.75,4.75,0.211
M_0556_08y0m_1_id382,12,0,4,4,3,3,0.333
M_0556_08y0m_1_id383,15,0,4,4,3.75,3.75,0.267
M_0556_08y0m_1_id384,8,1,4,2.78,2,2.87,0.348
M_0556_08y0m_1_id385,12,0,4,4,3,3,0.333
M_0556_08y0m_1_id386,13,2,4,3.17,3.25,4.1,0.244
M_0556_08y0m_1_id387,9,1,4,3.12,2.25,2.88,0.347
M_0556_08y0m_1_id388,11,0,4,3.22,2.75,3.42,0.292
M_0556_08y0m_1_id389,12,1,4,3.65,3,3.29,0.304
M_0556_08y0m_1_id390,6,2,4,2.62,1.5,2.29,0.437
M_0556_08y0m_1_id391,17,0,4,4,4.25,4.25,0.235
M_0556_08y0m_1_id392,12,0,4,4,3,3,0.333
M_0556_08y0m_1_id393,10,1,4,2.21,2.5,4.53,0.221
M_0556_08y0m_1_id394,9,0,4,2.26,2.25,3.99,0.251
M_0556_08y0m_1_id395,16,0,4,4,4,4,0.25
M_0556_08y0m_1_id396,14,0,4,4,3.5,3.5,0.286
M_0556_08y0m_1_id397,14,0,4,4,3.5,3.5,0.286
M_0556_08y0m_1_id398,11,0,4,4,2.75,2.75,0.364
M_0556_08y0m_1_id399,16,1,4,3.34,4,4.78,0.209
M_0556_08y0m_1_id400,2,1,4,0.62,0.5,3.21,0.312
M_0556_08y0m_1_id401,11,0,4,4,2.75,2.75,0.364
M_0556_08y0m_1_id402,12,0,4,4,3,3,0.333
M_0556_08y0m_1_id403,9,2,4,2.86,2.25,3.14,0.318
M_0556_08y0m_1_id404,7,1,4,3.66,1.75,1.91,0.523
M_0556_08y0m_1_id405,14,0,4,4,3.5,3.5,0.286
